id;aid;version;package_name
1;Auto Loan Account Rwanda Franc;parse;holistic mission-critical repurpose
2;Cambridgeshire Associate Spring;bandwidth Computers;overriding
3;Malawi Ergonomic Plastic Shoes virtual;infrastructures;Handcrafted Awesome Rubber Sausages Legacy
4;Handmade;invoice Regional system;Bhutan Jewelery
5;Concrete calculate Home;matrix;attitude-oriented Clothing
6;e-tailers Developer Frozen;hard drive;Junction
7;yellow Rustic;Granite groupware;Health
8;Sausages Home Loan Account Shoes;Marketing visionary;system synthesize
9;Cambridgeshire;plug-and-play;District SSL holistic
10;Analyst;deposit;bandwidth parsing Associate
