id;name;version;end_date
1;Martinique transmit Lead;transmitting hacking Steel;2020-07-01T16:33:28
2;granular Directives;e-services system-worthy;2020-07-01T17:31:01
3;info-mediaries;overriding Games;2020-07-01T07:24:17
4;Dynamic Creative payment;5th generation;2020-07-01T16:59:02
5;copying mission-critical;Research Viaduct copy;2020-07-01T15:49:43
6;channels generate Hat;Buckinghamshire Nepalese Rupee azure;2020-07-01T17:59:13
7;reintermediate deposit;infrastructures Money Market Account Operations;2020-06-30T22:04:29
8;Czech Republic 5th generation View;Handmade;2020-07-01T10:20:41
9;Human transparent;Unbranded Concrete Chicken Forks ADP;2020-07-01T03:00:01
10;Keyboard Practical Accountability;Svalbard & Jan Mayen Islands revolutionary;2020-07-01T09:58:01
